customer_state,delivered_orders,avg_delivery_days,avg_estimated_days,delayed_orders,delay_rate_pct
AL,397,24.5,33.2,95,23.93
MA,717,21.5,31.1,141,19.67
PI,476,19.4,30.7,76,15.97
CE,1279,21.2,32.0,196,15.32
SE,335,21.5,31.5,51,15.22
BA,3256,19.3,30.1,457,14.04
RJ,12350,15.2,27.0,1664,13.47
TO,274,17.6,29.7,35,12.77
PA,946,23.7,37.8,117,12.37
ES,1995,15.7,26.2,244,12.23
RR,41,29.3,46.6,5,12.20
MS,701,15.5,26.6,81,11.55
PB,517,20.4,33.6,57,11.03
PE,1593,18.4,31.7,172,10.80
RN,474,19.2,32.9,51,10.76
SC,3546,14.9,26.4,346,9.76
GO,1957,15.5,27.7,160,8.18
RS,5344,15.2,29.2,382,7.15
DF,2080,12.9,24.9,147,7.07
MT,886,18.0,32.4,60,6.77
SP,40494,8.7,19.8,2387,5.89
MG,11354,11.9,25.2,637,5.61
PR,4923,11.9,25.3,246,5.00
AP,67,27.2,46.9,3,4.48
AM,145,26.4,45.9,6,4.14
AC,80,21.0,41.7,3,3.75
RO,243,19.3,39.4,7,2.88
